City_ID,City,Lat,Lng,Max Temp,Humidity,Cloudiness,Wind Speed,Country,Date
0,bredasdorp,-34.5322,20.0403,17.52,96,100,7.45,ZA,1712582398
1,bethel,41.3712,-73.414,11.34,51,0,0.45,US,1712582218
2,mejit,10.2753,170.8646,26.85,85,99,10.4,MH,1712582398
3,hithadhoo,-0.6,73.0833,29.87,66,91,1.45,MV,1712582399
4,invercargill,-46.4,168.35,13.34,78,63,1.79,NZ,1712582399
5,iqaluit,63.7506,-68.5145,-17.15,70,20,9.77,CA,1712582399
6,awjilah,29.1081,21.2869,26.58,25,0,7.11,LY,1712582400
7,albany,42.6001,-73.9662,8.77,65,58,0.45,US,1712582383
8,olonkinbyen,70.9221,-8.7187,-4.11,90,100,9.74,SJ,1712582400
9,dawson creek,55.7666,-120.2362,0.22,75,100,3.11,CA,1712582264
10,longyearbyen,78.2186,15.6401,-14.09,66,20,4.12,SJ,1712582273
11,kristiansund,63.1115,7.732,13.03,57,75,4.63,NO,1712582401
12,cozumel,20.5083,-86.9458,24.41,88,20,0.0,MX,1712582391
13,vadso,70.0744,29.7487,-2.51,86,75,6.69,NO,1712582402
14,tarinkot,32.6268,65.8733,24.84,17,100,2.43,AF,1712582403
15,langsa,4.4683,97.9683,27.51,76,91,0.67,ID,1712582403
16,pisco,-13.7,-76.2167,23.03,78,75,1.03,PE,1712582403
17,stanley,54.868,-1.6985,14.77,83,40,3.09,GB,1712582224
18,georgetown,5.4112,100.3354,26.96,83,20,2.57,MY,1712582394
19,yigo village,13.5361,144.8886,26.62,82,75,7.2,GU,1712582404
20,acarau,-2.8856,-40.12,27.93,78,58,1.26,BR,1712582405
21,ushuaia,-54.8,-68.3,0.81,86,75,6.17,AR,1712582271
22,waitangi,-43.9535,-176.5597,12.68,83,28,0.89,NZ,1712582406
23,new norfolk,-42.7826,147.0587,9.72,91,20,1.38,AU,1712582406
24,al bawiti,28.3492,28.8659,27.9,13,0,8.35,EG,1712582406
25,port-aux-francais,-49.35,70.2167,6.59,83,39,11.85,TF,1712582407
26,newman,37.3138,-121.0208,8.34,78,6,1.79,US,1712582407
27,mar del plata,-38.0023,-57.5575,19.18,95,100,4.92,AR,1712582161
28,saacow,1.6279,42.4407,33.82,49,100,1.46,SO,1712582408
29,lebu,-37.6167,-73.65,14.55,93,66,0.72,CL,1712582244
30,saint-pierre,-21.3393,55.4781,27.82,74,75,4.63,RE,1712582305
31,charlottetown,46.2352,-63.1267,5.87,74,100,1.79,CA,1712582140
32,barabinsk,55.3571,78.357,3.74,93,100,3.51,RU,1712582409
33,tazacorte,28.629,-17.9293,22.54,81,20,5.66,ES,1712582410
34,puerto armuelles,8.2833,-82.8667,27.83,71,100,1.34,PA,1712582148
35,zambezi,-13.5432,23.1047,27.0,64,78,1.52,ZM,1712582411
36,constantia,44.1833,28.65,21.38,65,0,3.71,RO,1712582314
37,thompson,55.7435,-97.8558,1.35,96,100,1.83,CA,1712582232
38,shache,38.4167,77.2406,19.57,19,0,3.49,CN,1712582412
39,nova vicosa,-17.8919,-39.3719,29.14,61,92,2.24,BR,1712582341
40,nyagan,62.1406,65.3936,-1.39,77,100,2.16,RU,1712582413
41,vilyuchinsk,52.9306,158.4028,3.47,94,92,0.55,RU,1712582413
42,puerto natales,-51.7236,-72.4875,0.25,93,75,2.57,CL,1712582218
43,grytviken,-54.2811,-36.5092,2.7,80,82,3.75,GS,1712582414
44,mogocha,53.7333,119.7667,-4.72,59,22,0.26,RU,1712582414
45,bilibino,68.0546,166.4372,-23.33,100,80,1.79,RU,1712582415
46,port lincoln,-34.7333,135.8667,15.11,54,89,6.95,AU,1712582415
47,kuanda,56.3161,116.0806,-4.52,86,100,1.06,RU,1712582415
48,port moresby,-9.4431,147.1797,26.09,85,100,1.3,PG,1712582199
49,sitka,57.0531,-135.33,3.94,81,100,4.63,US,1712582416
50,puerto ayora,-0.7393,-90.3518,25.31,98,16,2.48,EC,1712582417
51,edinburgh of the seven seas,-37.0676,-12.3116,18.43,92,100,9.03,SH,1712582417
52,margaret river,-33.95,115.0667,17.86,54,0,5.39,AU,1712582354
53,kruisfontein,-34.0033,24.7314,19.94,81,54,4.44,ZA,1712582328
54,chernyshevskiy,63.0128,112.4714,-12.98,92,16,2.6,RU,1712582418
55,adamstown,-25.066,-130.1015,23.72,87,29,4.86,PN,1712582419
56,college,64.8569,-147.8028,-2.82,83,75,0.0,US,1712582419
57,noyabrsk,63.1994,75.4507,-1.54,95,100,7.15,RU,1712582420
58,arica,-18.475,-70.3042,21.75,83,98,1.01,CL,1712582212
59,grand falls-windsor,48.9332,-55.6649,-0.28,74,96,3.13,CA,1712582419
60,codrington,-38.2667,141.9667,13.57,55,94,8.31,AU,1712582421
61,northam,51.0333,-4.2167,12.99,90,100,8.39,GB,1712582422
62,lyubinskiy,55.1542,72.6925,1.82,100,100,0.54,RU,1712582422
63,imbituba,-28.24,-48.6703,24.92,81,0,1.56,BR,1712582385
64,colonia,50.9333,6.95,24.21,61,0,1.54,DE,1712582364
65,parral,26.9333,-105.6667,8.81,17,100,1.7,MX,1712582397
66,lahij,13.1667,44.5833,32.13,32,45,5.93,YE,1712582423
67,trashigang,27.3331,91.5542,17.0,57,100,1.62,BT,1712582424
68,rancho palos verdes,33.7445,-118.387,11.26,91,0,1.79,US,1712582424
69,cockburn town,21.4612,-71.1419,24.49,66,7,6.65,TC,1712582425
70,kabalo,-6.05,26.9167,23.0,90,100,1.68,CD,1712582425
71,itaituba,-4.2761,-55.9836,29.09,79,75,2.57,BR,1712582425
72,creston,41.0586,-94.3614,9.28,93,100,3.6,US,1712582426
73,chonchi,-42.6128,-73.8092,9.56,89,88,1.67,CL,1712582251
74,tiksi,71.6872,128.8694,-10.04,80,100,10.07,RU,1712582427
75,whitehorse,60.7161,-135.0538,-0.57,74,100,6.17,CA,1712582428
76,kupino,54.3663,77.2981,9.57,73,100,3.75,RU,1712582428
77,lompoc,34.6391,-120.4579,8.66,74,0,5.66,US,1712582429
78,starodub,52.5844,32.7633,18.96,46,100,4.04,RU,1712582429
79,port mathurin,-19.6833,63.4167,27.19,80,11,4.61,MU,1712582430
80,avarua,-21.2078,-159.775,27.03,83,40,4.12,CK,1712582430
81,kolonia town,6.964,158.206,28.0,83,100,2.06,FM,1712582430
82,togur,58.3631,82.8265,2.3,65,100,4.47,RU,1712582431
83,portland,45.5234,-122.6762,7.64,92,51,1.34,US,1712582277
84,hasilpur,29.7122,72.5553,33.79,8,5,0.82,PK,1712582431
85,malpica,43.3228,-8.8105,13.09,47,72,7.93,ES,1712582432
86,udachny,66.4167,112.4,-12.53,81,16,3.64,RU,1712582432
87,suva,-18.1416,178.4415,26.71,94,75,2.57,FJ,1712582289
88,hasanpur,28.7167,78.2833,31.83,9,2,3.01,IN,1712582433
89,wailua homesteads,22.0669,-159.378,21.44,84,75,6.17,US,1712582433
90,slavyanka,42.8633,131.3847,3.56,32,0,8.42,RU,1712582434
91,isafjordur,66.0755,-23.124,0.02,69,100,8.23,IS,1712582409
92,kavaratti,10.5669,72.642,29.59,68,49,2.65,IN,1712582435
93,pittsburg,38.028,-121.8847,10.52,80,0,2.24,US,1712582142
94,kita,13.0349,-9.4895,41.82,8,11,2.37,ML,1712582435
95,noosa heads,-26.3833,153.15,23.39,85,26,0.8,AU,1712582341
96,yellowknife,62.456,-114.3525,-4.69,86,75,3.09,CA,1712582436
97,bilimbay,56.9689,59.8149,2.75,71,85,4.23,RU,1712582436
98,arraial do cabo,-22.9661,-42.0278,27.98,65,40,5.14,BR,1712582437
99,namibe,-15.1961,12.1522,24.97,70,100,3.94,AO,1712582437
100,san patricio,28.017,-97.5169,23.24,94,99,2.07,US,1712582437
101,okhotsk,59.3833,143.3,-0.98,95,100,4.35,RU,1712582438
102,hawaiian paradise park,19.5933,-154.9731,21.13,93,100,2.57,US,1712582438
103,kubinka,55.5839,36.69,16.0,70,97,4.33,RU,1712582439
104,ruovesi,61.9858,24.0571,12.01,89,98,5.01,FI,1712582439
105,xicotencatl,23.0167,-98.8833,23.84,86,37,2.87,MX,1712582439
106,crane,31.3974,-102.3501,15.05,30,6,4.01,US,1712582440
107,la'ie,21.6477,-157.9253,22.47,83,3,1.79,US,1712582440
108,port alfred,-33.5906,26.891,20.1,85,100,1.79,ZA,1712582440
109,kachug,53.9606,105.8817,-1.64,87,10,2.24,RU,1712582441
110,port elizabeth,-33.918,25.5701,21.72,85,100,0.89,ZA,1712582442
111,jwaneng,-24.6004,24.7303,21.0,74,100,7.39,BW,1712582442
112,mount isa,-20.7333,139.5,21.87,40,0,3.09,AU,1712582442
113,urengoy,65.9667,78.3667,-3.39,89,100,4.27,RU,1712582443
114,vorgashor,67.5833,63.95,-9.55,91,99,7.68,RU,1712582443
115,nar'yan-mar,67.6713,53.087,-8.27,81,7,4.02,RU,1712582444
116,tommot,58.9564,126.2925,-13.27,96,12,1.43,RU,1712582444
117,princeville,45.7668,-61.2985,5.35,75,0,5.66,CA,1712582444
118,santa elena de uairen,4.6167,-61.1333,25.58,51,62,1.96,VE,1712582445
119,aykhal,66.0,111.5,-13.68,82,9,5.29,RU,1712582445
120,kapa'a,22.0752,-159.319,22.18,84,75,6.17,US,1712582445
121,nemuro,43.3236,145.575,4.73,100,100,4.85,JP,1712582446
122,ankang,32.68,109.0172,18.92,42,100,2.24,CN,1712582446
123,port saint john's,-31.6229,29.5448,22.94,80,100,2.8,ZA,1712582447
124,jamestown,42.097,-79.2353,10.77,49,75,2.06,US,1712582447
125,morshyn,49.1565,23.8723,22.35,37,100,4.49,UA,1712582447
126,dunedin,-45.8742,170.5036,12.11,97,96,0.89,NZ,1712582448
127,gao,16.6362,1.637,41.84,6,7,6.49,ML,1712582448
128,revolucion mexicana,26.311,-108.9435,13.15,58,88,0.82,MX,1712582448
129,susuman,62.7833,148.1667,-10.01,91,100,1.34,RU,1712582449
130,kone,-21.0595,164.8658,22.17,92,0,1.76,NC,1712582449
131,katsuren-haebaru,26.3369,127.8719,22.43,92,100,3.09,JP,1712582449
132,galliano,29.4422,-90.2992,23.0,83,0,3.09,US,1712582450
133,quartu sant'elena,39.2419,9.1839,26.13,33,0,6.69,IT,1712582450
134,souillac,-20.5167,57.5167,27.21,78,75,1.54,MU,1712582450
135,ilulissat,69.2167,-51.1,-6.99,73,20,1.03,GL,1712582451
136,dudinka,69.4058,86.1778,-7.43,95,100,6.77,RU,1712582368
137,porbandar,21.6422,69.6093,28.47,57,0,8.04,IN,1712582452
138,klyuchi,52.2667,79.1667,14.01,52,100,2.74,RU,1712582452
139,utrik,11.2278,169.8474,26.75,84,69,10.35,MH,1712582452
140,elassona,39.8947,22.1886,20.63,45,57,3.04,GR,1712582453
141,crozon,48.2464,-4.4899,12.75,82,75,11.83,FR,1712582453
142,papatowai,-46.5619,169.4708,11.96,76,98,3.32,NZ,1712582453
143,morazan,15.3167,-87.6,24.87,88,98,1.0,HN,1712582454
144,nguigmi,14.2495,13.1092,35.94,12,100,5.47,NE,1712582454
145,al lagowa,11.4,29.1333,38.32,5,13,4.91,SD,1712582455
146,minas de marcona,-15.2119,-75.1103,18.94,75,99,2.65,PE,1712582455
147,khandyga,62.6667,135.6,-11.9,98,100,1.15,RU,1712582455
148,lihue,21.9789,-159.3672,21.77,78,75,6.17,US,1712582456
149,west island,-12.1568,96.8225,28.99,74,40,4.63,CC,1712582456
150,kragero,58.8693,9.4149,10.81,77,100,5.77,NO,1712582456
151,laguna,38.421,-121.4238,9.61,82,0,4.12,US,1712582457
152,coracora,-15.0333,-73.7833,13.91,81,100,0.78,PE,1712582458
153,blackmans bay,-43.0167,147.3167,9.07,81,0,0.45,AU,1712582458
154,korocha,50.8107,37.1953,22.4,44,87,3.69,RU,1712582458
155,antsiranana,-12.2787,49.2917,28.61,78,100,5.93,MG,1712582459
156,sumbawa besar,-8.5,117.4333,24.96,97,98,1.4,ID,1712582459
157,broome,42.2506,-75.833,8.45,62,0,2.57,US,1712582305
158,lionel town,17.8101,-77.2406,29.94,67,3,1.66,JM,1712582460
159,rosoman,41.5161,21.9497,23.78,31,0,1.02,MK,1712582460
160,stiens,53.2623,5.7577,18.3,68,75,4.63,NL,1712582460
161,fulton,33.7668,-84.4499,15.85,71,20,2.06,US,1712582461
162,necochea,-38.5473,-58.7368,20.39,63,100,7.32,AR,1712582171
163,taulaga,-11.0553,-171.0883,29.86,74,44,5.19,AS,1712582462
164,semnan,35.5729,53.3971,24.28,22,53,2.61,IR,1712582462
165,nelson bay,-32.7167,152.15,19.49,95,5,3.58,AU,1712582462
166,margate,51.3813,1.3862,16.6,75,100,0.45,GB,1712582454
167,kralendijk,12.15,-68.2667,29.99,70,40,9.26,BQ,1712582222
168,laascaanood,8.4774,47.3597,34.65,27,14,5.43,SO,1712582463
169,shingu,33.7333,135.9833,16.83,97,100,1.94,JP,1712582464
170,moyynkum,44.2914,72.9469,21.47,28,99,3.67,KZ,1712582422
171,arawa,-6.2132,155.5367,25.16,87,100,0.23,PG,1712582464
172,catriel,-37.8791,-67.7956,22.08,33,100,4.15,AR,1712582421
173,khunti,23.0833,85.2833,23.06,63,94,8.2,IN,1712582465
174,horta,38.5333,-28.6333,16.12,94,75,8.05,PT,1712582466
175,rio gallegos,-51.6226,-69.2181,1.03,80,0,6.69,AR,1712582308
176,machiques,10.0644,-72.545,29.37,63,94,1.37,VE,1712582466
177,alice springs,-23.7,133.8833,22.34,24,100,2.57,AU,1712582379
178,shchyolkino,45.4291,35.8223,14.2,59,0,7.59,UA,1712582467
179,kapuskasing,49.4169,-82.4331,3.45,85,100,2.02,CA,1712582342
180,rio grande,-32.035,-52.0986,22.06,84,37,4.28,BR,1712582276
181,alliance,40.9153,-81.1059,10.9,83,100,3.33,US,1712582468
182,aral,40.5156,81.2636,19.0,23,0,1.18,CN,1712582469
183,chipinge,-20.1883,32.6236,23.34,67,100,2.72,ZW,1712582469
184,nynashamn,58.9034,17.9479,15.65,98,100,6.61,SE,1712582469
185,sarakhs,36.5449,61.1577,23.58,23,100,4.12,IR,1712582470
186,tsiombe,-25.3,45.4833,23.13,60,100,6.66,MG,1712582470
187,ar rutbah,33.0381,40.2848,25.53,16,99,3.71,IQ,1712582471
188,prado,-17.3411,-39.2208,29.05,57,93,2.46,BR,1712582471
189,muisne,0.6,-80.0333,25.42,87,100,3.26,EC,1712582176
190,aitape,-3.1374,142.3475,26.4,89,91,1.31,PG,1712582472
191,anadyr,64.75,177.4833,-14.72,78,0,5.0,RU,1712582472
192,nuku'alofa,-21.1333,-175.2,26.19,83,20,5.66,TO,1712582473
193,aldan,58.6031,125.3894,-10.54,89,12,3.49,RU,1712582473
194,palikir - national government center,6.9248,158.1611,27.41,83,100,2.06,FM,1712582474
195,pokhara,28.2333,83.9833,21.61,13,32,2.71,NP,1712582474
196,uturoa,-16.7333,-151.4333,28.51,80,100,4.18,PF,1712582474
197,senador jose porfirio,-2.5908,-51.9542,26.71,82,81,1.44,BR,1712582475
198,biltine,14.5333,20.9167,38.74,6,100,2.82,TD,1712582476
199,taltal,-25.4,-70.4833,18.62,73,0,1.76,CL,1712582234
200,gillette,44.2911,-105.5022,0.51,94,100,9.77,US,1712582298
201,gazli,40.1333,63.45,25.69,20,100,2.71,UZ,1712582477
202,pembroke,45.8168,-77.1162,3.99,70,100,0.89,CA,1712582477
203,fang,19.9169,99.2145,34.39,19,100,0.73,TH,1712582368
204,akureyri,65.6835,-18.0878,-0.04,86,75,6.69,IS,1712582366
205,saurimo,-9.6608,20.3916,28.3,56,72,1.11,AO,1712582478
206,san bernardo del viento,9.3533,-75.9524,29.5,74,100,2.84,CO,1712582479
207,zeya,53.75,127.2667,-5.29,75,3,1.9,RU,1712582479
208,beau vallon,-20.4189,57.6953,27.13,78,75,1.54,MU,1712582412
209,el kala,36.8956,8.4433,30.23,37,86,2.71,DZ,1712582480
210,punta arenas,-53.15,-70.9167,2.06,80,0,9.77,CL,1712582480
211,iskateley,67.6803,53.1512,-8.32,81,8,4.02,RU,1712582481
212,gisborne,-38.6533,178.0042,12.07,89,2,3.02,NZ,1712582481
213,pallasovka,50.05,46.8833,19.05,40,69,3.44,RU,1712582481
214,hermanus,-34.4187,19.2345,17.67,95,100,9.32,ZA,1712582482
215,lumut,4.2323,100.6298,27.01,83,20,0.51,MY,1712582483
216,mount pearl,47.5166,-52.7813,-0.48,95,100,9.77,CA,1712582483
217,nova sintra,14.8667,-24.7167,22.93,78,1,13.1,CV,1712582484
218,kodiak,57.79,-152.4072,-1.27,86,20,0.0,US,1712582484
219,suleja,9.1758,7.1808,34.55,24,54,3.68,NG,1712582484
220,howard springs,-12.497,131.047,28.95,92,16,2.24,AU,1712582485
221,bunia,1.5667,30.25,26.71,56,78,0.51,CD,1712582485
222,brooks,50.5834,-111.8851,1.13,83,51,1.03,CA,1712582486
223,fabens,31.5023,-106.1586,15.32,21,80,1.89,US,1712582486
224,yanqul,23.5905,56.5501,34.03,10,21,1.64,OM,1712582486
225,lazaro cardenas,17.9583,-102.2,21.2,76,0,2.28,MX,1712582487
226,malango,-2.9627,119.9001,21.15,100,100,0.3,ID,1712582487
227,enewetak,11.3474,162.3373,27.48,79,100,9.39,MH,1712582476
228,kavieng,-2.5744,150.7967,25.45,90,100,1.92,PG,1712582488
229,dryden,49.7833,-92.7503,1.45,89,51,3.28,CA,1712582309
230,la passe,45.5549,-0.8967,21.13,68,5,7.0,FR,1712582489
231,urucui,-7.2294,-44.5561,29.45,66,98,4.12,BR,1712582489
232,rize,40.9044,40.8949,6.93,80,100,0.18,TR,1712582490
233,ribeira grande,38.5167,-28.7,16.54,94,75,8.05,PT,1712582490
234,usinsk,65.9939,57.5281,-3.85,75,100,5.81,RU,1712582490
235,baikonur,45.6167,63.3167,15.38,35,45,6.33,KZ,1712582491
236,walvis bay,-22.9575,14.5053,19.99,62,21,8.56,NA,1712582491
237,rupert,42.6191,-113.6772,0.1,86,20,3.6,US,1712582492
238,lamu,-2.2717,40.902,30.11,72,96,5.64,KE,1712582492
239,ohangaron,40.9064,69.6383,23.08,45,100,1.51,UZ,1712582492
240,trairi,-3.2778,-39.2689,27.79,86,83,2.4,BR,1712582489
241,escanaba,45.7453,-87.0646,8.33,71,100,7.72,US,1712582465
242,padangsidempuan,1.3667,99.2667,23.63,98,100,0.61,ID,1712582493
243,muli,2.9167,73.5667,29.5,68,91,1.79,MV,1712582494
244,luderitz,-26.6481,15.1594,17.71,82,59,3.93,NA,1712582494
245,paradip garh,20.3167,86.6167,31.05,36,4,3.46,IN,1712582495
246,la sarre,48.8002,-79.1996,1.35,94,80,2.11,CA,1712582495
247,kropachevo,55.0112,57.9896,3.95,75,100,4.58,RU,1712582495
248,brandfort,-28.7001,26.4597,16.67,84,97,10.11,ZA,1712582496
249,luau,-10.7073,22.2247,27.12,61,34,1.05,AO,1712582496
250,tessaoua,13.7574,7.9874,41.15,6,22,6.91,NE,1712582497
251,quesnel,52.9999,-122.5029,4.28,60,100,2.57,CA,1712582497
252,redencao,-4.2258,-38.7306,28.37,73,100,2.54,BR,1712582497
253,kencong,-8.2833,113.3667,26.48,86,100,0.63,ID,1712582498
254,mermoz boabab,14.7065,-17.4758,27.31,44,0,9.26,SN,1712582498
255,tofol,5.3248,163.0078,26.71,83,100,6.17,FM,1712582498
256,pachino,36.7186,15.0907,18.78,74,21,7.0,IT,1712582499
257,la tijera,19.9,-104.4,13.59,32,0,1.64,MX,1712582499
258,qulsary,46.9531,54.0198,17.06,37,16,5.94,KZ,1712582500
259,kourou,5.1552,-52.6478,30.03,65,54,3.06,GF,1712582500
260,ballina,-28.8667,153.5667,18.77,75,3,1.8,AU,1712582501
261,choibalsan,48.0667,114.5,3.49,39,6,3.91,MN,1712582501
262,hartsville,34.374,-80.0734,16.55,85,0,2.57,US,1712582501
263,ginir,7.1333,40.7,22.88,53,96,4.05,ET,1712582502
264,yarmolyntsi,49.1924,26.8373,22.26,36,100,4.48,UA,1712582502
265,norrtalje,59.758,18.705,16.87,49,81,4.94,SE,1712582502
266,kota kinabalu,5.9749,116.0724,28.99,84,20,0.89,MY,1712582489
267,porto murtinho,-21.6989,-57.8825,28.29,74,100,1.12,BR,1712582346
268,ngaoundere,7.3167,13.5833,28.29,41,100,1.87,CM,1712582503
269,alaghsas,17.0187,8.0168,39.94,6,100,7.72,NE,1712582504
270,phan rang-thap cham,11.5667,108.9833,25.65,85,6,2.02,VN,1712582321
271,tolanaro,-25.0319,46.9987,22.04,94,75,4.12,MG,1712582505
272,arcachon,44.5875,-1.0519,23.01,52,0,7.2,FR,1712582505
273,barabai,-2.5833,115.3833,24.91,95,93,1.17,ID,1712582505
274,iquique,-20.2208,-70.1431,21.27,74,100,2.09,CL,1712582246
275,saint-francois,46.4154,3.9054,25.36,34,0,7.72,FR,1712582506
276,"laikit, laikit ii (dimembe)",1.4792,124.9735,25.47,89,40,0.51,ID,1712582506
277,caleta de carquin,-11.0925,-77.6267,22.05,85,71,1.81,PE,1712582507
278,tazovsky,67.4667,78.7,-5.74,90,98,5.48,RU,1712582507
279,cestos city,5.46,-9.5828,30.06,70,70,4.2,LR,1712582423
280,zakynthos,37.7914,20.8953,23.68,33,0,5.14,GR,1712582508
281,khorixas,-20.3667,14.9667,28.41,11,1,5.06,NA,1712582481
282,ancud,-41.8697,-73.8203,10.34,86,97,2.05,CL,1712582509
283,rabo de peixe,37.8,-25.5833,17.77,99,75,5.14,PT,1712582509
284,ust-nera,64.5667,143.2,-16.03,99,91,1.51,RU,1712582509
285,vila franca do campo,37.7167,-25.4333,18.27,99,91,3.75,PT,1712582510
286,keflavik,64.0049,-22.5624,4.95,60,20,11.83,IS,1712582510
287,hamilton,39.1834,-84.5333,16.47,71,0,4.63,US,1712582428
288,daru,-9.0763,143.2092,27.81,83,96,2.44,PG,1712582511
289,fale old settlement,-9.3852,-171.2468,29.67,76,14,4.39,TK,1712582511
290,dungarvan,52.0881,-7.6253,10.87,100,100,4.02,IE,1712582512
291,lensk,60.7253,114.9278,-0.87,99,100,0.76,RU,1712582512
292,pangody,65.85,74.4859,-7.14,86,67,4.89,RU,1712582512
293,basco,20.4487,121.9702,27.28,78,0,2.72,PH,1712582513
294,pimentel,-6.8367,-79.9342,23.16,78,75,2.06,PE,1712582513
295,mount gambier,-37.8333,140.7667,11.93,63,100,3.72,AU,1712582513
296,sao jose da coroa grande,-8.8978,-35.1478,29.94,65,61,3.19,BR,1712582375
297,polyarnyy,69.1989,33.4478,-2.84,80,100,7.57,RU,1712582515
298,houlton,46.1262,-67.8403,7.62,49,0,2.06,US,1712582478
299,antofagasta,-23.65,-70.4,19.81,73,16,3.74,CL,1712581916
300,williams lake,52.1415,-122.1445,3.36,67,100,7.2,CA,1712582516
301,rouyn-noranda,48.2398,-79.0288,4.05,56,20,0.0,CA,1712582459
302,atafu village,-8.5421,-172.5159,29.65,74,5,3.93,TK,1712582516
303,mooloolaba,-26.6833,153.1167,23.36,96,11,0.63,AU,1712582404
304,labrador city,52.9463,-66.9114,-1.05,69,75,3.6,CA,1712582517
305,kapoeta,4.7717,33.5903,28.79,51,71,3.15,SS,1712582518
306,dellys,36.9172,3.9131,20.19,69,100,4.33,DZ,1712582518
307,mungwi,-10.1732,31.3694,22.36,82,100,2.02,ZM,1712582519
308,qaqortoq,60.7167,-46.0333,-2.25,91,100,1.19,GL,1712582519
309,bodaybo,57.8506,114.1933,-1.54,98,100,0.34,RU,1712582520
310,amga,60.8953,131.9608,-13.77,99,81,0.7,RU,1712582520
311,saint-philippe,-21.3585,55.7679,27.77,87,65,2.64,RE,1712582520
312,sittwe,20.15,92.9,28.75,71,1,7.17,MM,1712582521
313,gorno-altaysk,51.9561,85.955,14.17,58,100,1.79,RU,1712582521
314,khenifra,32.9333,-5.6667,15.29,73,100,1.62,MA,1712582522
315,kununurra,-15.7667,128.7333,21.99,83,100,0.0,AU,1712582523
316,petropavlovsk-kamchatsky,53.0452,158.6483,2.65,82,75,0.89,RU,1712582523
317,kuala pilah,2.7389,102.2487,25.78,91,98,0.77,MY,1712582523
318,cherlak,54.155,74.8055,9.63,77,100,1.84,RU,1712582524
319,viana do castelo,41.6932,-8.8329,11.74,77,100,7.89,PT,1712582495
320,alba posse,-27.5698,-54.6826,23.37,87,99,1.82,AR,1712582525
321,badger,64.8,-147.5333,-2.86,84,100,0.0,US,1712582525
322,zabid,14.1951,43.3152,33.69,45,92,5.62,YE,1712582525
323,le port,-20.9373,55.2919,28.0,78,18,2.57,RE,1712582526
324,sola,-13.8833,167.55,27.48,75,100,6.28,VU,1712582526
325,talnakh,69.4865,88.3972,-7.66,90,100,6.29,RU,1712582527
326,bubaque,11.2833,-15.8333,26.49,54,100,3.0,GW,1712582527
327,isangel,-19.55,169.2667,24.63,90,100,3.22,VU,1712582528
328,luba,3.4568,8.5547,29.94,82,100,4.0,GQ,1712582297
329,kyakhta,50.3508,106.4494,5.13,81,100,7.06,RU,1712582528
330,queenstown,-31.8976,26.8753,15.89,88,100,1.63,ZA,1712582529
331,bairnsdale,-37.8333,147.6167,14.47,88,100,2.48,AU,1712582529
332,kyshtovka,56.555,76.6271,1.3,99,100,3.58,RU,1712582529
333,lorengau,-2.0226,147.2712,27.89,81,100,4.01,PG,1712582530
334,ugoofaaru,5.6667,73.0,29.38,69,8,0.71,MV,1712582530
335,mirny,62.5353,113.9611,-5.43,95,100,4.92,RU,1712582530
336,novovyazniki,56.1975,42.1711,14.28,65,100,5.4,RU,1712582531
337,okha,53.5739,142.9478,-4.86,94,27,1.79,RU,1712582531
338,mindif,10.3976,14.4363,40.19,19,17,3.38,CM,1712582532
339,kirensk,57.7853,108.1119,-5.02,88,100,4.02,RU,1712582532
340,petukhovo,55.0692,67.9019,4.23,92,100,2.18,RU,1712582532
341,udomlya,57.8794,34.9925,14.97,59,97,4.41,RU,1712582533
342,mahebourg,-20.4081,57.7,27.16,78,75,1.54,MU,1712582533
343,bosaso,11.2842,49.1816,28.99,74,0,4.63,SO,1712582534
344,vel'sk,61.0701,42.0983,7.37,87,98,5.36,RU,1712582534
345,caibarien,22.5206,-79.4669,22.62,59,2,7.24,CU,1712582535
346,piacabucu,-10.4056,-36.4344,29.64,70,89,2.77,BR,1712582535
347,aasiaat,68.7098,-52.8699,-8.27,94,96,3.03,GL,1712582535
348,ungheni,47.2042,27.7958,25.15,36,0,3.6,MD,1712582536
349,sao vicente,-23.9631,-46.3919,28.48,26,100,1.41,BR,1712582378
350,greymouth,-42.4667,171.2,10.01,88,21,2.86,NZ,1712582537
351,morehead city,34.7229,-76.726,18.0,72,0,1.54,US,1712582537
352,rizokarpaso,35.6,34.375,18.75,53,45,3.57,CY,1712582539
353,george,-33.963,22.4617,16.75,100,100,2.06,ZA,1712582539
354,soure,-0.7167,-48.5233,27.05,85,100,2.32,BR,1712582540
355,debark',13.1561,37.8981,22.43,25,87,3.18,ET,1712582540
356,roma,43.2128,-75.4557,10.05,57,100,0.45,US,1712582428
357,tucuma,-0.1833,-50.05,27.48,80,57,2.5,BR,1712582541
358,greenville,35.6127,-77.3663,14.52,79,0,1.54,US,1712582509
359,laojunmiao,39.8333,97.7333,9.04,12,100,3.46,CN,1712582542
360,bardai,11.65,7.2333,37.97,7,100,3.25,NG,1712582542
361,macau,22.2006,113.5461,22.85,83,40,4.63,MO,1712582526
362,kazimierza wielka,50.2656,20.4936,27.47,42,100,2.85,PL,1712582543
363,muromtsevo,56.3724,75.2418,1.95,99,100,3.05,RU,1712582543
364,pearsall,28.8922,-99.095,22.66,97,100,2.69,US,1712582544
365,san antonio de pale,-1.4014,5.6325,27.67,76,100,0.83,GQ,1712582544
366,tanjung pandan,-2.75,107.65,27.89,77,100,2.23,ID,1712582544
367,luganville,-15.5333,167.1667,25.6,84,100,1.58,VU,1712582545
368,rongelap,11.1635,166.8941,27.08,80,64,9.93,MH,1712582477
369,mabaruma,8.2,-59.7833,30.88,54,78,2.21,GY,1712582546
370,poronaysk,49.2167,143.1167,-0.07,99,100,0.7,RU,1712582546
371,tongeren,50.7805,5.4648,19.01,72,100,4.63,BE,1712582546
372,flying fish cove,-10.4217,105.6791,26.82,78,100,3.09,CX,1712582289
373,tura,25.5198,90.2201,26.13,30,100,1.45,IN,1712582547
374,yazykovo,55.2199,56.1353,5.53,70,100,4.71,RU,1712582547
375,saudarkrokur,65.7461,-19.6394,-0.58,84,76,8.0,IS,1712582548
376,haiku-pauwela,20.9219,-156.3051,21.69,80,0,5.14,US,1712582548
377,yemva,62.59,50.8594,0.55,100,100,1.75,RU,1712582549
378,adrar,20.5022,-10.0711,30.75,22,0,6.64,MR,1712582549
379,lushun,38.8,121.2667,10.12,35,0,9.18,CN,1712582549
380,pozos de gamboa,22.95,-102.5667,15.49,35,75,3.89,MX,1712582550
381,east london,-33.0153,27.9116,21.52,83,0,1.54,ZA,1712582477
382,touros,-5.1989,-35.4608,30.84,67,100,5.22,BR,1712582267
383,playa del ingles,27.7567,-15.5787,22.86,63,7,2.68,ES,1712582551
384,chateau-du-loir,47.6949,0.4185,22.31,77,95,7.03,FR,1712582551
385,surab,28.4914,66.2585,23.41,10,98,6.12,PK,1712582552
386,tinde,-3.8833,33.2,24.59,74,48,3.26,TZ,1712582552
387,kingston,17.997,-76.7936,29.53,72,20,1.54,JM,1712582474
388,howrah,22.5892,88.3103,28.0,54,40,3.09,IN,1712582553
389,khorramabad,33.4878,48.3558,21.53,31,3,6.52,IR,1712582279
390,carsamba,41.1989,36.7219,17.61,82,75,3.6,TR,1712582554
391,imam qasim,32.298,44.6828,35.03,15,0,5.19,IQ,1712582554
392,gazojak,41.1875,61.4036,20.53,42,100,8.93,TM,1712582554
393,st. john's,47.5649,-52.7093,-0.02,95,100,9.77,CA,1712582555
394,huangmei,30.1924,116.025,13.57,95,100,2.7,CN,1712582555
395,floro,61.5996,5.0328,10.04,76,75,11.83,NO,1712582555
396,fortuna,40.5982,-124.1573,8.85,90,100,3.09,US,1712582556
397,akrehamn,59.2667,5.1833,11.14,66,20,7.72,NO,1712582556
398,tombodu,8.1333,-10.6167,37.08,39,65,0.53,SL,1712582556
399,dhidhdhoo,6.8833,73.1,29.48,70,0,1.55,MV,1712582479
400,beyneu,45.3167,55.2,17.4,35,5,6.17,KZ,1712582557
401,zakamensk,50.3741,103.2863,5.72,87,100,1.54,RU,1712582557
402,ghanzi,-21.5667,21.7833,29.89,28,100,6.42,BW,1712582473
403,el jadid,33.2549,-8.506,18.53,62,50,5.62,MA,1712582295
404,port-vila,-17.7338,168.3219,24.35,87,100,3.0,VU,1712582559
405,hilo,19.7297,-155.09,21.25,94,100,1.34,US,1712582328
406,oskarshamn,57.2645,16.4484,14.73,62,69,2.94,SE,1712582560
407,kendari,-3.945,122.4989,25.11,94,91,0.41,ID,1712582560
408,balotra,25.8333,72.2333,36.76,8,1,1.7,IN,1712582561
409,medina,24.4686,39.6142,33.24,6,0,7.72,SA,1712582368
410,mhamid,29.82,-5.72,33.44,9,0,1.57,MA,1712582561
411,nadym,65.5333,72.5167,-5.02,94,84,5.86,RU,1712582562
412,kayyerkan,69.3786,87.7439,-7.61,95,100,8.92,RU,1712582562
413,coquimbo,-29.9533,-71.3436,16.05,82,0,1.84,CL,1712582274
414,guazacapan,14.0742,-90.4167,25.27,67,13,0.71,GT,1712582563
415,vilhena,-12.7406,-60.1458,24.12,88,75,3.6,BR,1712582527
416,fort bragg,35.139,-79.006,15.46,70,0,3.6,US,1712582564
417,kuytun,54.3419,101.5036,-3.47,85,12,2.09,RU,1712582564
418,parham,17.0968,-61.7705,30.02,73,40,2.06,AG,1712582564
419,chigorodo,7.6664,-76.6811,25.89,100,40,1.03,CO,1712582565
420,shahrak,34.1074,64.3052,16.12,21,100,3.26,AF,1712582565
421,carbonear,47.7332,-53.2148,0.62,89,100,8.95,CA,1712582565
422,lubuklinggau,-3.3,102.8667,23.24,98,100,1.56,ID,1712582566
423,gamba,-2.65,10.0,25.72,87,100,1.38,GA,1712582566
424,palapag,12.5458,125.1147,25.19,90,69,1.92,PH,1712582567
425,el calafate,-50.3408,-72.2768,1.85,89,100,0.84,AR,1712582285
426,nagqu,31.5,92.0,3.18,16,100,5.18,CN,1712582567
427,hanceville,34.0607,-86.7675,17.51,85,100,2.17,US,1712582568
428,blandford forum,50.8607,-2.1617,15.32,75,100,7.43,GB,1712582568
429,zouerate,22.7187,-12.4521,26.3,17,0,8.8,MR,1712582479
430,amahai,-3.3333,128.9167,26.02,86,100,2.68,ID,1712582569
431,ojinaga,29.5667,-104.4167,12.53,22,0,3.6,MX,1712582569
432,karakol,42.4907,78.3936,7.49,61,100,0.84,KG,1712582570
433,yangiyer,40.275,68.8225,24.22,29,100,2.93,UZ,1712582570
434,yanchep,-31.55,115.6833,23.49,36,0,5.76,AU,1712582570
435,callao,-12.0667,-77.15,22.16,83,20,2.57,PE,1712582206
436,kingsville,27.5159,-97.8561,23.23,96,100,2.57,US,1712582571
437,semirara,12.0697,121.3986,27.94,78,71,7.49,PH,1712582572
438,changde,29.0464,111.6783,17.79,74,21,2.71,CN,1712582572
439,usogorsk,63.4106,48.6872,-0.19,94,100,3.26,RU,1712582572
440,george town,5.4112,100.3354,26.96,88,20,1.54,MY,1712582480
441,haverfordwest,51.8017,-4.9691,11.14,95,100,3.58,GB,1712582573
442,quincy,42.2529,-71.0023,11.42,57,20,5.14,US,1712582357
443,praia da vitoria,38.7333,-27.0667,17.09,94,75,5.08,PT,1712582574
444,nago,26.5881,127.9761,22.47,92,60,2.0,JP,1712582574
445,buka,40.8108,69.1986,22.43,32,100,2.36,UZ,1712582574
446,den burg,53.0542,4.7972,17.75,76,75,3.6,NL,1712582575
447,griffith,41.5284,-87.4237,11.86,86,100,3.6,US,1712582355
448,xining,36.6167,101.7667,6.76,61,4,4.85,CN,1712582576
449,lockwood,45.8191,-108.4149,4.94,76,100,6.17,US,1712582576
450,zhangye,38.9342,100.4517,14.34,17,93,3.11,CN,1712582435
451,raton,36.9034,-104.4391,-2.66,59,0,2.57,US,1712582372
452,aberdeen,57.1437,-2.0981,15.3,69,40,6.17,GB,1712582369
453,sydney mines,46.2367,-60.2177,5.45,80,75,7.2,CA,1712582578
454,barranca,-10.75,-77.7667,21.91,83,79,1.32,PE,1712582578
455,san luis de la loma,17.2706,-100.8939,24.3,58,5,1.73,MX,1712582578
456,alexandria,31.2156,29.9553,18.73,63,2,7.78,EG,1712582326
457,cananeia,-25.0147,-47.9267,23.27,92,100,1.99,BR,1712582579
458,island harbour,50.724,-1.2758,16.04,80,93,5.81,GB,1712582579
459,kotlas,61.2611,46.6556,6.7,84,100,5.36,RU,1712582580
460,vernon,50.2581,-119.2691,5.89,65,100,2.06,CA,1712582580
461,oranjemund,-28.55,16.4333,17.56,74,45,5.68,NA,1712582581
462,melekeok village,7.4957,134.6367,27.31,83,40,1.54,PW,1712582581
463,shimoda,34.6667,138.95,16.17,91,100,2.68,JP,1712582581
464,novi pazar,43.1367,20.5122,22.71,29,7,3.0,RS,1712582582
465,kathmandu,27.7167,85.3167,22.12,21,20,4.12,NP,1712581945
466,juegang,32.3174,121.1855,9.21,78,3,2.34,CN,1712582582
467,corum,40.5,34.75,15.54,40,57,4.59,TR,1712582583
468,rayon,19.1444,-99.5836,14.32,41,0,1.19,MX,1712582583
469,fianarantsoa,-21.4333,47.0833,21.84,76,49,3.89,MG,1712582584
470,aliwal north,-30.6937,26.7114,15.12,92,98,2.96,ZA,1712582584
471,khanty-mansiysk,61.0042,69.0019,0.06,80,75,4.02,RU,1712582585
472,kovur,14.4833,79.9833,28.46,74,5,6.52,IN,1712582585
473,conception bay south,47.4999,-52.9981,-0.15,95,100,6.69,CA,1712582586
474,naze,28.3667,129.4833,20.51,95,100,3.47,JP,1712582587
475,aoulef,26.9667,1.0833,39.23,4,1,3.42,DZ,1712582587
476,magistral'nyy,56.1725,107.4458,-5.91,87,36,2.22,RU,1712582588
477,lospalos,-8.5186,127.0025,23.17,93,100,0.81,TL,1712582589
478,el abiodh sidi cheikh,32.893,0.5484,30.21,9,98,6.9,DZ,1712582589
479,nyurba,63.2842,118.3319,-6.21,95,100,3.49,RU,1712582590
480,ust-tsilma,65.441,52.1498,-4.66,90,100,1.34,RU,1712582590
481,puerto baquerizo moreno,-0.9,-89.6,24.94,85,43,3.02,EC,1712582495
482,sabang,5.8933,95.3214,29.78,73,100,5.14,ID,1712582591
483,port-cartier,50.0334,-66.8654,8.12,75,100,3.35,CA,1712582591
484,salima,-13.7804,34.4587,29.67,58,31,3.88,MW,1712582591
485,alagir,43.0422,44.2222,16.3,70,100,0.87,RU,1712582592
486,yoko,5.5333,12.3167,31.91,37,95,2.07,CM,1712582592
487,ratnagiri,16.9833,73.3,28.08,73,100,5.98,IN,1712582593
488,glace bay,46.1969,-59.957,4.59,80,75,7.2,CA,1712582593
489,urumqi,43.801,87.6005,16.53,32,0,2.0,CN,1712582593
490,jalai nur,49.45,117.7,-0.98,36,1,3.33,CN,1712582594
491,tual,-5.6667,132.75,27.29,85,100,2.32,ID,1712582594
492,fortaleza,-3.7227,-38.5247,30.6,87,75,5.66,BR,1712582391
493,conceicao do araguaia,-8.2578,-49.2647,28.24,82,8,1.22,BR,1712582587
494,tayu,-6.5397,111.0518,27.03,87,87,2.55,ID,1712582595
495,saipan,15.1355,145.701,27.39,83,40,7.72,MP,1712582596
496,kittila,67.6647,24.8936,0.34,100,100,2.57,FI,1712582596
497,manokwari,-0.8667,134.0833,25.33,86,100,5.76,ID,1712582596
498,broken hill,-31.95,141.4333,16.96,46,3,6.62,AU,1712582311
499,happy valley-goose bay,53.3168,-60.3315,0.17,69,100,4.12,CA,1712582597
500,san juan de miraflores,-12.1629,-76.9635,21.29,86,67,1.65,PE,1712582598
501,korostyshiv,50.3172,29.0563,20.98,39,100,3.51,UA,1712582341
502,isla mujeres,21.2311,-86.731,24.03,62,100,6.44,MX,1712582598
503,stephenville,32.2207,-98.2023,15.43,82,0,0.0,US,1712582599
504,rakszawa,50.1605,22.2391,25.12,36,0,6.69,PL,1712582599
505,maun,-19.9833,23.4167,27.63,51,100,4.18,BW,1712582516
506,marka,1.7159,44.7717,30.92,64,86,5.34,SO,1712582600
507,magadan,59.5667,150.8,-3.04,95,100,4.07,RU,1712582600
508,alofi,-19.0595,-169.9187,24.94,100,75,6.17,NU,1712582600
509,leirvik,59.7798,5.5005,12.02,71,20,7.2,NO,1712582601
510,pacific grove,36.6177,-121.9166,9.12,84,40,3.09,US,1712582601
511,levuka,50.1834,-105.4011,2.85,93,75,3.6,CA,1712582601
512,cidreira,-30.1811,-50.2056,21.26,91,95,1.33,BR,1712582602
513,gadzhiyevo,69.2551,33.3362,-2.68,80,100,7.56,RU,1712582602
514,labytnangi,66.6572,66.4183,-8.12,86,34,4.61,RU,1712582603
515,berezovyy,51.6667,135.7,-3.16,77,86,2.51,RU,1712582603
516,manta,-0.95,-80.7333,27.88,86,20,3.6,EC,1712582406
517,las choapas,17.9333,-94.0833,24.42,81,46,0.55,MX,1712582604
518,taranagar,28.6709,75.0351,34.58,7,0,2.91,IN,1712582604
519,wynyard,-41.0,145.7167,9.34,76,6,3.55,AU,1712582604
520,kodinsk,58.6881,99.1844,-4.76,93,24,0.57,RU,1712582605
521,hebi,35.8992,114.1925,15.49,68,100,5.41,CN,1712582605
522,acajutla,13.5928,-89.8275,28.51,69,46,0.91,SV,1712582605
523,patani,5.2272,6.1924,30.26,70,100,3.28,NG,1712582535
524,najran,17.4924,44.1277,35.36,26,90,2.73,SA,1712582606
525,brisas de zicatela,15.8369,-97.0419,26.29,83,40,1.54,MX,1712582607
526,siwa oasis,29.2041,25.5195,26.18,30,0,5.65,EG,1712582607
527,metlika,45.6472,15.3142,27.86,37,100,1.95,SI,1712582607
528,zabol,32.25,67.25,19.75,19,100,6.46,AF,1712582608
529,corpus christi,27.8006,-97.3964,23.32,95,100,2.06,US,1712582234
530,maba,24.6841,113.5984,16.66,23,97,1.55,CN,1712582608
531,wahpeton,46.2652,-96.6059,4.4,100,100,3.09,US,1712582519
532,wau,7.7029,27.9953,37.64,23,51,2.31,SS,1712582609
533,st. paul,44.9444,-93.0933,8.15,96,100,3.09,US,1712582518
534,ihosy,-22.4,46.1167,26.37,63,50,4.53,MG,1712582610
535,kenai,60.5544,-151.2583,-1.03,93,20,0.0,US,1712582312
536,egilsstadir,65.2653,-14.3948,-0.05,100,100,10.29,IS,1712582611
537,mugia,43.1041,-9.2179,13.28,65,4,10.51,ES,1712582611
538,salekhard,66.53,66.6019,-8.11,86,77,4.92,RU,1712582395
539,carnarvon,-24.8667,113.6333,26.81,55,0,4.27,AU,1712582612
540,tindouf,27.6711,-8.1474,33.25,18,0,1.54,DZ,1712582612
541,hotan,37.0997,79.9269,19.85,11,0,4.05,CN,1712582613
542,hasaki,35.7333,140.8333,17.94,97,100,4.09,JP,1712582613
543,jining,35.405,116.5814,19.93,43,100,2.39,CN,1712582613
544,mo i rana,66.3128,14.1428,6.26,93,75,0.51,NO,1712582614
545,kropyvnytskyi,48.5132,32.2597,21.51,38,21,1.63,UA,1712582614
546,lisala,2.15,21.5167,36.46,28,41,2.13,CD,1712582615
547,kamaishi,39.2667,141.8833,12.59,98,100,2.48,JP,1712582615
548,puerto quijarro,-17.7833,-57.7667,31.28,58,99,1.92,BO,1712582616
549,vangaindrano,-23.35,47.6,24.4,89,100,3.62,MG,1712582616
550,tirebolu,41.0069,38.8139,12.92,67,100,1.43,TR,1712582616
551,hobyo,5.3505,48.5268,30.43,65,100,5.96,SO,1712582617
552,nangong,37.3581,115.3744,12.42,27,60,4.42,CN,1712582617
553,kirakira,-10.4544,161.9205,27.03,85,99,2.98,SB,1712582618
554,rockland,41.1668,-74.0496,11.99,52,100,1.04,US,1712582618
555,yung shue wan,22.2333,114.1167,24.62,90,66,5.1,HK,1712582618
556,xai-xai,-25.0519,33.6442,24.73,67,100,3.78,MZ,1712582619
557,palmer,42.1584,-72.3287,12.23,63,20,0.0,US,1712582619
558,boa vista,2.8197,-60.6733,28.99,58,100,8.23,BR,1712582619
559,toliara,-23.35,43.6667,31.4,52,12,8.22,MG,1712582581
560,kharp,66.8014,65.8081,-8.49,80,17,4.91,RU,1712582620
561,esmeraldas,-19.7625,-44.3139,25.41,73,99,2.52,BR,1712582620
562,higuera de zaragoza,25.95,-109.2833,14.63,74,100,1.37,MX,1712582621
563,rach gia,10.0167,105.0833,30.8,69,4,6.08,VN,1712582621
564,tsumeb,-19.2333,17.7167,29.57,31,95,5.64,NA,1712582622
565,warrnambool,-38.3833,142.4833,13.81,58,100,7.72,AU,1712582552
566,inirida,3.8653,-67.9239,25.71,86,87,1.48,CO,1712582623
567,mili,6.0815,171.735,27.83,84,99,10.25,MH,1712582623
568,maceio,-9.6658,-35.7353,28.69,83,40,3.6,BR,1712582582
569,mumford,5.2618,-0.759,30.41,71,100,7.31,GH,1712582624
570,westport,41.1415,-73.3579,12.07,49,0,2.57,US,1712582564
571,afaahiti,-17.75,-149.2833,25.93,85,100,3.82,PF,1712582625
572,sanctuary point,-35.1114,150.629,19.3,81,28,1.83,AU,1712582625
573,nagod,24.5667,80.6,33.18,6,5,4.33,IN,1712582626
574,colonia menno,-22.3667,-59.8167,25.78,85,96,2.39,PY,1712582626
575,palasa,18.7667,84.4167,27.19,61,20,1.88,IN,1712582626
576,pekanbaru,0.5333,101.45,26.03,95,100,1.12,ID,1712582627
577,flores costa cuca,14.65,-91.8167,28.4,92,20,0.0,GT,1712582627
578,burang,30.25,81.1667,-8.26,67,38,2.21,CN,1712582628
579,malmberget,67.1753,20.6549,1.31,87,20,1.54,SE,1712582628
580,dali,25.7,100.1833,18.33,46,2,3.35,CN,1712582629
581,freeport,40.6576,-73.5832,12.23,48,0,3.09,US,1712582629
582,asosa,10.0667,34.5333,30.69,25,98,3.81,ET,1712582630
583,timbuktu,16.7735,-3.0074,41.41,6,71,2.62,ML,1712582630
584,bathurst,-33.4166,149.5806,10.54,95,30,0.97,AU,1712582630
585,koungou,-12.7336,45.2042,31.84,70,0,2.06,YT,1712582631
586,dohar,23.5883,90.1469,26.99,28,100,4.08,BD,1712582631
587,sinabang,2.4803,96.3801,27.89,82,100,1.73,ID,1712582632
